src,dst,bucket,label,score,src_mid,dst_mid,src_flag_cell,dst_flag_cell,src_gear,dst_gear
150702295,366850380,2017-08-11 00:00:00,0,0.077436938881874,150,366,UNKNOWN-CHN,,set_longlines,
412421535,412423036,2017-08-11 00:00:00,1,0.077436938881874,412,412,CHN,CHN,trawlers,trawlers
257409500,257576600,2017-08-11 00:00:00,1,0.077436938881874,257,257,NOR,NOR,fishing,fixed_gear
900000195,900017342,2017-08-11 00:00:00,1,0.077436938881874,900,900,CHN,CHN,trawlers,trawlers
870400189,900000195,2017-08-11 00:00:00,1,0.077436938881874,870,900,CHN,CHN,trawlers,trawlers
200021247,900000195,2017-08-11 00:00:00,1,0.077436938881874,200,900,CHN,CHN,trawlers,trawlers
412432877,900000195,2017-08-11 00:00:00,1,0.077436938881874,412,900,CHN,CHN,trawlers,trawlers
412432877,900017342,2017-08-11 00:00:00,1,0.077436938881874,412,900,CHN,CHN,trawlers,trawlers
200021247,870400189,2017-08-11 00:00:00,1,0.077436938881874,200,870,CHN,CHN,trawlers,trawlers
412432877,870400189,2017-08-11 00:00:00,1,0.077436938881874,412,870,CHN,CHN,trawlers,trawlers
412212839,413235579,2017-08-11 00:00:00,1,0.077436938881874,412,413,CHN,,fishing,
200021247,412432877,2017-08-11 00:00:00,1,0.077436938881874,200,412,CHN,CHN,trawlers,trawlers
200019473,412340960,2017-08-11 00:00:00,1,0.077436938881874,200,412,,CHN,,fishing
273316510,273420840,2017-08-11 00:00:00,1,0.077436938881874,273,273,,RUS,,trawlers
412365041,412366335,2017-08-11 00:00:00,1,0.077436938881874,412,412,CHN,CHN,trawlers,trawlers
412365706,412413918,2017-08-11 00:00:00,0,0.077436938881874,412,412,,,,
412460151,415532155,2017-08-11 00:00:00,0,0.077436938881874,412,415,,,,
200020286,875401258,2017-08-11 00:00:00,0,0.077436938881874,200,875,CHN,UNKNOWN-CHN,trawlers,set_longlines
257355020,770576122,2017-08-11 00:00:00,0,0.077436938881874,257,770,,URY,,trawlers
245342000,412323924,2017-08-11 00:00:00,0,0.077436938881874,245,412,NLD,,set_gillnets,
238258440,412337216,2017-08-11 00:00:00,0,0.077436938881874,238,412,,,,
412214152,413070001,2017-08-11 00:00:00,0,0.077436938881874,412,413,,,,
237959000,412482422,2017-08-11 00:00:00,0,0.077436938881874,237,412,GRC,,other_purse_seines,
200008659,224552620,2017-08-11 00:00:00,0,0.077436938881874,200,224,,,,
412327004,412435036,2017-08-11 00:00:00,0,0.077436938881874,412,412,,,,
368085000,413543073,2017-08-11 00:00:00,0,0.077436938881874,368,413,,CHN,,fishing
412203601,440218050,2017-08-11 00:00:00,0,0.077436938881874,412,440,,,,
413262143,820040935,2017-08-11 00:00:00,0,0.077436938881874,413,820,,,,
200005498,412066699,2017-08-10 00:00:00,1,0.0774366185069084,200,412,CHN,CHN,trawlers,fishing
412365706,412413918,2017-08-10 00:00:00,0,0.0774366185069084,412,412,,,,
231751000,273326830,2017-08-10 00:00:00,1,0.0774366185069084,231,273,NOR,NOR,trawlers,trawlers
251228000,251848640,2017-08-10 00:00:00,1,0.0774366185069084,251,251,ISL,ISL,set_longlines,pole_and_line
412088186,412434203,2017-08-10 00:00:00,1,0.0774366185069084,412,412,UNKNOWN-CHN,CHN,trawlers,fishing
224052450,224082870,2017-08-10 00:00:00,1,0.0774366185069084,224,224,ESP,ESP,other_purse_seines,other_purse_seines
88588,900011464,2017-08-10 00:00:00,1,0.0774366185069084,88,900,CHN,CHN,trawlers,trawlers
412410021,412860085,2017-08-10 00:00:00,1,0.0774366185069084,412,412,CHN,CHN,trawlers,fishing
412460151,415532155,2017-08-10 00:00:00,0,0.0774366185069084,412,415,,,,
200020286,875401258,2017-08-10 00:00:00,0,0.0774366185069084,200,875,CHN,,fixed_gear,
413262143,820040935,2017-08-10 00:00:00,0,0.0774366185069084,413,820,,,,
412203601,440218050,2017-08-10 00:00:00,0,0.0774366185069084,412,440,,,,
368085000,413543073,2017-08-10 00:00:00,0,0.0774366185069084,368,413,USA,CHN,trawlers,fishing
412327004,412435036,2017-08-10 00:00:00,0,0.0774366185069084,412,412,,,,
200008659,224552620,2017-08-10 00:00:00,0,0.0774366185069084,200,224,,,,
412214152,413070001,2017-08-10 00:00:00,0,0.0774366185069084,412,413,,,,
224022130,224095140,2017-08-10 00:00:00,1,0.0774366185069084,224,224,,ESP,,trawlers
338603000,367084590,2017-08-10 00:00:00,1,0.0774366185069084,338,367,USA,USA,trawlers,trawlers
412327004,412435036,2017-08-09 00:00:00,0,0.0774338617920875,412,412,,,,
412425361,412429154,2017-08-09 00:00:00,1,0.0774338617920875,412,412,CHN,CHN,fishing,trawlers
251209000,251847570,2017-08-09 00:00:00,1,0.0774338617920875,251,251,ISL,ISL,set_gillnets,set_gillnets
8814618,412364693,2017-08-09 00:00:00,1,0.0774338617920875,8814,412,UNKNOWN-CHN,CHN,fishing,fishing
150701936,412432606,2017-08-09 00:00:00,1,0.0774338617920875,150,412,CHN,UNKNOWN-CHN,set_gillnets,set_gillnets
416001504,416201800,2017-08-09 00:00:00,1,0.0774338617920875,416,416,UNKNOWN-TWN,TWN,set_longlines,set_longlines
258052000,258545000,2017-08-09 00:00:00,1,0.0774338617920875,258,258,NOR,,fishing,
368085000,413543073,2017-08-09 00:00:00,0,0.0774338617920875,368,413,,,,
412365706,412413918,2017-08-09 00:00:00,0,0.0774338617920875,412,412,,,,
200020286,875401258,2017-08-09 00:00:00,0,0.0774338617920875,200,875,CHN,,fishing,
413262143,820040935,2017-08-09 00:00:00,0,0.0774338617920875,413,820,,,,
412203601,440218050,2017-08-09 00:00:00,0,0.0774338617920875,412,440,,,,
244644000,244750011,2017-08-08 00:00:00,1,0.077424943447113,244,244,NLD,NLD,trawlers,trawlers
257216940,258529000,2017-08-08 00:00:00,1,0.077424943447113,257,258,NOR,NOR,set_gillnets,set_gillnets
412414339,412418557,2017-08-08 00:00:00,1,0.077424943447113,412,412,UNKNOWN-CHN,CHN,set_longlines,fishing
320602597,412439116,2017-08-08 00:00:00,1,0.077424943447113,320,412,CHN,CHN,fishing,fishing
800008308,900006409,2017-08-08 00:00:00,1,0.077424943447113,800,900,CHN,UNKNOWN-CHN,trawlers,trawlers
408901561,408906921,2017-08-08 00:00:00,1,0.077424943447113,408,408,,,,
110705989,412433952,2017-08-08 00:00:00,1,0.077424943447113,110,412,CHN,UNKNOWN-CHN,fishing,set_gillnets
412421366,412422647,2017-08-08 00:00:00,1,0.077424943447113,412,412,UNKNOWN-CHN,UNKNOWN-CHN,fishing,fishing
412437008,902588618,2017-08-08 00:00:00,1,0.077424943447113,412,902,CHN,CHN,trawlers,trawlers
412345645,412413361,2017-08-08 00:00:00,1,0.077424943447113,412,412,CHN,CHN,fishing,fishing
413262143,820040935,2017-08-08 00:00:00,0,0.077424943447113,413,820,,,,
412365706,412413918,2017-08-08 00:00:00,0,0.077424943447113,412,412,CHN,,fishing,
200020286,875401258,2017-08-08 00:00:00,0,0.077424943447113,200,875,CHN,,set_longlines,
412203601,440218050,2017-08-08 00:00:00,0,0.077424943447113,412,440,,,,
368085000,413543073,2017-08-08 00:00:00,0,0.077424943447113,368,413,USA,CHN,trawlers,fishing
412327004,412435036,2017-08-08 00:00:00,0,0.077424943447113,412,412,,,,
200008659,224552620,2017-08-08 00:00:00,0,0.077424943447113,200,224,,,,
412460151,415532155,2017-08-08 00:00:00,0,0.077424943447113,412,415,,,,
412214152,413070001,2017-08-08 00:00:00,0,0.077424943447113,412,413,,,,
237959000,412482422,2017-08-08 00:00:00,0,0.077424943447113,237,412,,,,
412365706,412413918,2017-08-07 00:00:00,0,0.0774013772606849,412,412,CHN,,fishing,
130400919,412432709,2017-08-07 00:00:00,1,0.0774013772606849,130,412,CHN,CHN,fixed_gear,fishing
130400919,900018515,2017-08-07 00:00:00,1,0.0774013772606849,130,900,CHN,UNKNOWN-CHN,fixed_gear,set_gillnets
412432709,900018515,2017-08-07 00:00:00,1,0.0774013772606849,412,900,CHN,UNKNOWN-CHN,fishing,set_gillnets
412365752,926004879,2017-08-07 00:00:00,1,0.0774013772606849,412,926,CHN,UNKNOWN-CHN,fishing,fishing
367026970,367095130,2017-08-07 00:00:00,1,0.0774013772606849,367,367,USA,USA,set_longlines,trawlers
367095130,367630000,2017-08-07 00:00:00,1,0.0774013772606849,367,367,USA,USA,trawlers,set_longlines
701000607,701078000,2017-08-07 00:00:00,1,0.0774013772606849,701,701,ARG,ARG,trawlers,trawlers
200020286,875401258,2017-08-07 00:00:00,0,0.0774013772606849,200,875,CHN,CHN,fixed_gear,trawlers
413262143,820040935,2017-08-07 00:00:00,0,0.0774013772606849,413,820,,,,
412203601,440218050,2017-08-07 00:00:00,0,0.0774013772606849,412,440,,,,
368085000,413543073,2017-08-07 00:00:00,0,0.0774013772606849,368,413,USA,CHN,trawlers,fishing
412327004,412435036,2017-08-07 00:00:00,0,0.0774013772606849,412,412,,,,
200008659,224552620,2017-08-07 00:00:00,0,0.0774013772606849,200,224,,,,
412460151,415532155,2017-08-07 00:00:00,0,0.0774013772606849,412,415,,,,
227319580,228149700,2017-08-07 00:00:00,1,0.0774013772606849,227,228,FRA,FRA,trawlers,trawlers
