src,dst,year_month,days_within_km,overlap_pairs,mean_lat_src,mean_lon_src,mean_lat_dst,mean_lon_dst,meet_lat,meet_lon
412410128,412416248,2013-01,0,0,,,,,,
412410128,412416248,2013-02,0,0,,,,,,
412410128,412416248,2013-03,0,0,,,,,,
412410128,412416248,2013-04,0,0,,,,,,
412410128,412416248,2013-05,0,0,,,,,,
412410128,412416248,2013-06,0,0,,,,,,
412410128,412416248,2013-07,0,0,,,,,,
412410128,412416248,2013-08,0,0,,,,,,
412410128,412416248,2013-09,0,0,,,,,,
412410128,412416248,2013-10,0,0,,,,,,
412410128,412416248,2013-11,0,0,,,,,,
412410128,412416248,2013-12,0,0,,,,,,
412410128,412416248,2014-01,0,0,,,,,,
412410128,412416248,2014-02,0,0,,,,,,
412410128,412416248,2014-03,0,0,,,,,,
412410128,412416248,2014-04,0,0,,,,,,
412410128,412416248,2014-05,0,0,,,,,,
412410128,412416248,2014-06,0,0,,,,,,
412410128,412416248,2014-07,0,0,,,,,,
412410128,412416248,2014-08,0,0,,,,,,
412410128,412416248,2014-09,0,0,,,,,,
412410128,412416248,2014-10,0,0,,,,,,
412410128,412416248,2014-11,0,0,,,,,,
412410128,412416248,2014-12,0,0,,,,,,
412410128,412416248,2015-01,0,0,,,,,,
412410128,412416248,2015-02,0,0,,,,,,
412410128,412416248,2015-03,5,8,26.692350955204216,120.62173171936759,26.61842261904762,120.72199404761905,26.65538678712592,120.67186288349332
412410128,412416248,2015-04,2,2,26.847727272727276,120.47954545454544,26.8875,120.6625,26.867613636363636,120.57102272727272
412410128,412416248,2015-05,0,0,,,,,,
412410128,412416248,2015-06,0,0,,,,,,
412410128,412416248,2015-07,0,0,,,,,,
412410128,412416248,2015-08,0,0,,,,,,
412410128,412416248,2015-09,0,0,,,,,,
412410128,412416248,2015-10,0,0,,,,,,
412410128,412416248,2015-11,7,12,28.220297619047617,122.01728835978837,28.181944444444444,122.15555555555557,28.20112103174603,122.08642195767197
412410128,412416248,2015-12,0,0,,,,,,
412410128,412416248,2016-01,0,0,,,,,,
412410128,412416248,2016-02,0,0,,,,,,
412410128,412416248,2016-03,0,0,,,,,,
412410128,412416248,2016-04,0,0,,,,,,
412410128,412416248,2016-05,0,0,,,,,,
412410128,412416248,2016-06,0,0,,,,,,
412410128,412416248,2016-07,0,0,,,,,,
412410128,412416248,2016-08,0,0,,,,,,
412410128,412416248,2016-09,0,0,,,,,,
412410128,412416248,2016-10,0,0,,,,,,
412410128,412416248,2016-11,0,0,,,,,,
412410128,412416248,2016-12,0,0,,,,,,
412410128,412416248,2017-01,0,0,,,,,,
412410128,412416248,2017-02,0,0,,,,,,
412410128,412416248,2017-03,0,0,,,,,,
412410128,412416248,2017-04,0,0,,,,,,
412410128,412416248,2017-05,0,0,,,,,,
412410128,412416248,2017-07,0,0,,,,,,
412410128,412416248,2017-08,0,0,,,,,,
412410128,412416248,2017-09,0,0,,,,,,
412410128,412416248,2017-10,0,0,,,,,,
412410128,412416248,2017-11,0,0,,,,,,
412410128,412416248,2017-12,0,0,,,,,,
412410128,412416248,2018-01,0,0,,,,,,
412410128,412416248,2018-02,0,0,,,,,,
412410128,412416248,2018-03,0,0,,,,,,
412410128,412416248,2018-04,0,0,,,,,,
412410128,412416248,2018-05,0,0,,,,,,
412410128,412416248,2018-06,0,0,,,,,,
412410128,412416248,2018-07,0,0,,,,,,
412410128,412416248,2018-08,0,0,,,,,,
412410128,412416248,2018-09,0,0,,,,,,
412410128,412416248,2018-10,0,0,,,,,,
412410128,412416248,2018-11,0,0,,,,,,
412410128,412416248,2018-12,0,0,,,,,,
412410128,412416248,2019-01,0,0,,,,,,
412410128,412416248,2019-02,0,0,,,,,,
412410128,412416248,2019-03,0,0,,,,,,
412410128,412416248,2019-04,0,0,,,,,,
412410128,412416248,2019-05,0,0,,,,,,
412410128,412416248,2019-07,0,0,,,,,,
412410128,412416248,2019-08,0,0,,,,,,
412410128,412416248,2019-09,0,0,,,,,,
412410128,412416248,2019-10,0,0,,,,,,
412410128,412416248,2019-11,0,0,,,,,,
412410128,412416248,2019-12,0,0,,,,,,
412420679,412413383,2013-01,0,0,,,,,,
412420679,412413383,2013-02,0,0,,,,,,
412420679,412413383,2013-03,0,0,,,,,,
412420679,412413383,2013-04,0,0,,,,,,
412420679,412413383,2013-05,0,0,,,,,,
412420679,412413383,2013-06,0,0,,,,,,
412420679,412413383,2013-07,0,0,,,,,,
412420679,412413383,2013-08,0,0,,,,,,
412420679,412413383,2013-09,0,0,,,,,,
412420679,412413383,2013-10,0,0,,,,,,
412420679,412413383,2013-11,0,0,,,,,,
412420679,412413383,2013-12,0,0,,,,,,
412420679,412413383,2014-01,0,0,,,,,,
412420679,412413383,2014-02,0,0,,,,,,
412420679,412413383,2014-03,0,0,,,,,,
412420679,412413383,2014-04,0,0,,,,,,
412420679,412413383,2014-05,0,0,,,,,,
412420679,412413383,2014-06,0,0,,,,,,
412420679,412413383,2014-07,0,0,,,,,,
412420679,412413383,2014-08,0,0,,,,,,
412420679,412413383,2014-09,0,0,,,,,,
412420679,412413383,2014-10,0,0,,,,,,
412420679,412413383,2014-11,0,0,,,,,,
412420679,412413383,2014-12,0,0,,,,,,
412420679,412413383,2015-01,0,0,,,,,,
412420679,412413383,2015-02,0,0,,,,,,
412420679,412413383,2015-03,0,0,,,,,,
412420679,412413383,2015-04,0,0,,,,,,
412420679,412413383,2015-05,0,0,,,,,,
412420679,412413383,2015-06,0,0,,,,,,
412420679,412413383,2015-07,0,0,,,,,,
412420679,412413383,2015-08,0,0,,,,,,
412420679,412413383,2015-09,0,0,,,,,,
412420679,412413383,2015-10,0,0,,,,,,
412420679,412413383,2015-11,0,0,,,,,,
412420679,412413383,2015-12,0,0,,,,,,
412420679,412413383,2016-01,0,0,,,,,,
412420679,412413383,2016-02,0,0,,,,,,
412420679,412413383,2016-03,0,0,,,,,,
412420679,412413383,2016-04,0,0,,,,,,
412420679,412413383,2016-05,0,0,,,,,,
412420679,412413383,2016-06,0,0,,,,,,
412420679,412413383,2016-07,0,0,,,,,,
412420679,412413383,2016-08,0,0,,,,,,
412420679,412413383,2016-09,0,0,,,,,,
412420679,412413383,2016-10,0,0,,,,,,
412420679,412413383,2016-11,0,0,,,,,,
412420679,412413383,2016-12,0,0,,,,,,
412420679,412413383,2017-01,5,8,29.912499999999998,122.36875,29.835,122.42,29.87375,122.394375
412420679,412413383,2017-02,0,0,,,,,,
412420679,412413383,2017-03,0,0,,,,,,
412420679,412413383,2017-04,1,1,30.48,122.55999999999999,30.425,122.775,30.4525,122.66749999999999
412420679,412413383,2017-05,0,0,,,,,,
412420679,412413383,2017-07,0,0,,,,,,
412420679,412413383,2017-08,0,0,,,,,,
412420679,412413383,2017-09,5,8,29.909166666666664,122.30333333333333,29.796249999999997,122.3425,29.852708333333332,122.32291666666666
412420679,412413383,2017-10,4,7,29.9,122.25,29.88928571428571,122.28214285714286,29.894642857142856,122.26607142857142
412420679,412413383,2017-11,5,11,29.906060606060603,122.26818181818182,29.90909090909091,122.24545454545455,29.907575757575756,122.25681818181818
412420679,412413383,2017-12,2,5,29.9,122.33,29.9,122.2,29.9,122.265
412420679,412413383,2018-01,0,0,,,,,,
412420679,412413383,2018-02,0,0,,,,,,
412420679,412413383,2018-03,0,0,,,,,,
412420679,412413383,2018-04,0,0,,,,,,
412420679,412413383,2018-05,0,0,,,,,,
412420679,412413383,2018-06,0,0,,,,,,
412420679,412413383,2018-07,0,0,,,,,,
412420679,412413383,2018-08,0,0,,,,,,
412420679,412413383,2018-09,0,0,,,,,,
412420679,412413383,2018-10,0,0,,,,,,
412420679,412413383,2018-11,0,0,,,,,,
412420679,412413383,2018-12,0,0,,,,,,
412420679,412413383,2019-01,0,0,,,,,,
412420679,412413383,2019-02,0,0,,,,,,
412420679,412413383,2019-03,0,0,,,,,,
412420679,412413383,2019-04,0,0,,,,,,
412420679,412413383,2019-05,0,0,,,,,,
412420679,412413383,2019-07,0,0,,,,,,
412420679,412413383,2019-08,0,0,,,,,,
412420679,412413383,2019-09,0,0,,,,,,
412420679,412413383,2019-10,0,0,,,,,,
412420679,412413383,2019-11,0,0,,,,,,
412420679,412413383,2019-12,0,0,,,,,,
412422375,412428225,2013-01,0,0,,,,,,
412422375,412428225,2013-02,0,0,,,,,,
412422375,412428225,2013-03,0,0,,,,,,
412422375,412428225,2013-04,0,0,,,,,,
412422375,412428225,2013-05,0,0,,,,,,
412422375,412428225,2013-06,0,0,,,,,,
412422375,412428225,2013-07,0,0,,,,,,
412422375,412428225,2013-08,0,0,,,,,,
412422375,412428225,2013-09,0,0,,,,,,
412422375,412428225,2013-10,0,0,,,,,,
412422375,412428225,2013-11,0,0,,,,,,
412422375,412428225,2013-12,0,0,,,,,,
412422375,412428225,2014-01,0,0,,,,,,
412422375,412428225,2014-02,0,0,,,,,,
412422375,412428225,2014-03,0,0,,,,,,
412422375,412428225,2014-04,0,0,,,,,,
412422375,412428225,2014-05,0,0,,,,,,
412422375,412428225,2014-06,0,0,,,,,,
412422375,412428225,2014-07,0,0,,,,,,
412422375,412428225,2014-08,0,0,,,,,,
412422375,412428225,2014-09,0,0,,,,,,
412422375,412428225,2014-10,0,0,,,,,,
412422375,412428225,2014-11,0,0,,,,,,
412422375,412428225,2014-12,0,0,,,,,,
412422375,412428225,2015-01,0,0,,,,,,
412422375,412428225,2015-02,0,0,,,,,,
412422375,412428225,2015-03,0,0,,,,,,
412422375,412428225,2015-04,0,0,,,,,,
412422375,412428225,2015-05,0,0,,,,,,
412422375,412428225,2015-06,0,0,,,,,,
412422375,412428225,2015-07,0,0,,,,,,
412422375,412428225,2015-08,1,1,30.880000000000003,122.7,30.87142857142857,122.75714285714285,30.875714285714288,122.72857142857143
412422375,412428225,2015-09,4,6,30.894444444444446,122.67777777777779,30.766666666666666,122.81666666666666,30.830555555555556,122.74722222222223
412422375,412428225,2015-10,21,43,30.90966777408638,122.67137873754153,30.808449612403102,122.77662790697673,30.85905869324474,122.72400332225914
412422375,412428225,2015-11,11,28,30.82096088435374,122.61481717687074,30.709196428571428,122.76946428571429,30.765078656462585,122.69214073129251
412422375,412428225,2015-12,4,5,30.796,122.606,30.689999999999998,122.8,30.743,122.703
412422375,412428225,2016-01,2,4,30.792142857142856,122.57785714285714,30.7,122.775,30.746071428571426,122.67642857142857
412422375,412428225,2016-02,0,0,,,,,,
412422375,412428225,2016-03,14,29,30.84975369458128,122.72955665024631,30.826909737771807,122.85490844404637,30.838331716176544,122.79223254714634
412422375,412428225,2016-04,19,40,30.85303869047619,122.74402380952381,30.753583333333335,122.82683333333333,30.80331101190476,122.78542857142857
412422375,412428225,2016-05,8,9,30.801759259259256,122.64629629629628,30.694444444444443,122.80555555555556,30.74810185185185,122.72592592592592
412422375,412428225,2016-06,0,0,,,,,,
412422375,412428225,2016-07,0,0,,,,,,
412422375,412428225,2016-08,0,0,,,,,,
412422375,412428225,2016-09,0,0,,,,,,
412422375,412428225,2016-10,0,0,,,,,,
412422375,412428225,2016-11,0,0,,,,,,
412422375,412428225,2016-12,0,0,,,,,,
412422375,412428225,2017-01,0,0,,,,,,
412422375,412428225,2017-02,0,0,,,,,,
412422375,412428225,2017-03,0,0,,,,,,
412422375,412428225,2017-04,0,0,,,,,,
412422375,412428225,2017-05,0,0,,,,,,
412422375,412428225,2017-07,0,0,,,,,,
412422375,412428225,2017-08,0,0,,,,,,
412422375,412428225,2017-09,0,0,,,,,,
412422375,412428225,2017-10,0,0,,,,,,
412422375,412428225,2017-11,0,0,,,,,,
412422375,412428225,2017-12,0,0,,,,,,
412422375,412428225,2018-01,0,0,,,,,,
412422375,412428225,2018-02,0,0,,,,,,
412422375,412428225,2018-03,0,0,,,,,,
412422375,412428225,2018-04,0,0,,,,,,
412422375,412428225,2018-05,0,0,,,,,,
412422375,412428225,2018-06,0,0,,,,,,
412422375,412428225,2018-07,0,0,,,,,,
412422375,412428225,2018-08,0,0,,,,,,
412422375,412428225,2018-09,0,0,,,,,,
412422375,412428225,2018-10,0,0,,,,,,
412422375,412428225,2018-11,0,0,,,,,,
412422375,412428225,2018-12,0,0,,,,,,
412422375,412428225,2019-01,0,0,,,,,,
412422375,412428225,2019-02,0,0,,,,,,
412422375,412428225,2019-03,0,0,,,,,,
412422375,412428225,2019-04,0,0,,,,,,
412422375,412428225,2019-05,0,0,,,,,,
412422375,412428225,2019-07,0,0,,,,,,
412422375,412428225,2019-08,0,0,,,,,,
412422375,412428225,2019-09,0,0,,,,,,
412422375,412428225,2019-10,0,0,,,,,,
412422375,412428225,2019-11,0,0,,,,,,
412422375,412428225,2019-12,0,0,,,,,,
412437423,412435485,2013-01,0,0,,,,,,
412437423,412435485,2013-02,1,1,29.1875,122.3375,29.236363636363638,122.26363636363637,29.211931818181817,122.30056818181819
412437423,412435485,2013-03,8,13,29.16787545787546,122.58492251338406,29.175769230769234,122.57576923076924,29.171822344322347,122.58034587207665
412437423,412435485,2013-04,0,0,,,,,,
412437423,412435485,2013-05,0,0,,,,,,
412437423,412435485,2013-06,0,0,,,,,,
412437423,412435485,2013-07,0,0,,,,,,
412437423,412435485,2013-08,0,0,,,,,,
412437423,412435485,2013-09,0,0,,,,,,
412437423,412435485,2013-10,0,0,,,,,,
412437423,412435485,2013-11,0,0,,,,,,
412437423,412435485,2013-12,0,0,,,,,,
412437423,412435485,2014-01,0,0,,,,,,
412437423,412435485,2014-02,0,0,,,,,,
412437423,412435485,2014-03,0,0,,,,,,
412437423,412435485,2014-04,0,0,,,,,,
412437423,412435485,2014-05,0,0,,,,,,
412437423,412435485,2014-06,0,0,,,,,,
412437423,412435485,2014-07,0,0,,,,,,
412437423,412435485,2014-08,0,0,,,,,,
412437423,412435485,2014-09,0,0,,,,,,
412437423,412435485,2014-10,2,2,29.133333333333333,121.93333333333334,29.111111111111114,122.09444444444445,29.122222222222224,122.01388888888889
412437423,412435485,2014-11,2,2,29.31,122.28,29.215,122.42000000000002,29.2625,122.35000000000001
412437423,412435485,2014-12,0,0,,,,,,
412437423,412435485,2015-01,0,0,,,,,,
412437423,412435485,2015-02,0,0,,,,,,
412437423,412435485,2015-03,1,1,29.4,122.55999999999999,29.35,122.5,29.375,122.53
412437423,412435485,2015-04,0,0,,,,,,
412437423,412435485,2015-05,0,0,,,,,,
412437423,412435485,2015-06,0,0,,,,,,
412437423,412435485,2015-07,0,0,,,,,,
412437423,412435485,2015-08,0,0,,,,,,
412437423,412435485,2015-09,0,0,,,,,,
412437423,412435485,2015-10,0,0,,,,,,
412437423,412435485,2015-11,0,0,,,,,,
412437423,412435485,2015-12,0,0,,,,,,
412437423,412435485,2016-01,1,2,29.385714285714283,122.34285714285714,29.339285714285715,122.23214285714286,29.362499999999997,122.2875
412437423,412435485,2016-02,0,0,,,,,,
412437423,412435485,2016-03,0,0,,,,,,
412437423,412435485,2016-04,0,0,,,,,,
412437423,412435485,2016-05,0,0,,,,,,
412437423,412435485,2016-06,0,0,,,,,,
412437423,412435485,2016-07,0,0,,,,,,
412437423,412435485,2016-08,0,0,,,,,,
412437423,412435485,2016-09,0,0,,,,,,
412437423,412435485,2016-10,0,0,,,,,,
412437423,412435485,2016-11,0,0,,,,,,
412437423,412435485,2016-12,2,2,29.1875,121.95,29.2,121.9,29.19375,121.92500000000001
412437423,412435485,2017-01,0,0,,,,,,
412437423,412435485,2017-02,0,0,,,,,,
412437423,412435485,2017-03,0,0,,,,,,
412437423,412435485,2017-04,0,0,,,,,,
412437423,412435485,2017-05,0,0,,,,,,
412437423,412435485,2017-07,0,0,,,,,,
412437423,412435485,2017-08,0,0,,,,,,
412437423,412435485,2017-09,0,0,,,,,,
412437423,412435485,2017-10,0,0,,,,,,
412437423,412435485,2017-11,0,0,,,,,,
412437423,412435485,2017-12,0,0,,,,,,
412437423,412435485,2018-01,0,0,,,,,,
412437423,412435485,2018-02,0,0,,,,,,
412437423,412435485,2018-03,0,0,,,,,,
412437423,412435485,2018-04,0,0,,,,,,
412437423,412435485,2018-05,0,0,,,,,,
412437423,412435485,2018-06,0,0,,,,,,
412437423,412435485,2018-07,0,0,,,,,,
412437423,412435485,2018-08,0,0,,,,,,
412437423,412435485,2018-09,0,0,,,,,,
412437423,412435485,2018-10,0,0,,,,,,
412437423,412435485,2018-11,0,0,,,,,,
412437423,412435485,2018-12,0,0,,,,,,
412437423,412435485,2019-01,0,0,,,,,,
412437423,412435485,2019-02,0,0,,,,,,
412437423,412435485,2019-03,0,0,,,,,,
412437423,412435485,2019-04,0,0,,,,,,
412437423,412435485,2019-05,0,0,,,,,,
412437423,412435485,2019-07,0,0,,,,,,
412437423,412435485,2019-08,0,0,,,,,,
412437423,412435485,2019-09,0,0,,,,,,
412437423,412435485,2019-10,0,0,,,,,,
412437423,412435485,2019-11,0,0,,,,,,
412437423,412435485,2019-12,0,0,,,,,,
412450427,111203412,2013-01,0,0,,,,,,
412450427,111203412,2013-02,0,0,,,,,,
412450427,111203412,2013-03,3,6,28.00388888888889,121.58333333333333,27.955714285714283,121.57206349206349,27.979801587301587,121.57769841269841
412450427,111203412,2013-04,0,0,,,,,,
412450427,111203412,2013-05,0,0,,,,,,
412450427,111203412,2013-06,0,0,,,,,,
412450427,111203412,2013-07,0,0,,,,,,
412450427,111203412,2013-08,0,0,,,,,,
412450427,111203412,2013-09,0,0,,,,,,
412450427,111203412,2013-10,0,0,,,,,,
412450427,111203412,2013-11,0,0,,,,,,
412450427,111203412,2013-12,0,0,,,,,,
412450427,111203412,2014-01,0,0,,,,,,
412450427,111203412,2014-02,0,0,,,,,,
412450427,111203412,2014-03,0,0,,,,,,
412450427,111203412,2014-04,0,0,,,,,,
412450427,111203412,2014-05,0,0,,,,,,
412450427,111203412,2014-06,0,0,,,,,,
412450427,111203412,2014-07,0,0,,,,,,
412450427,111203412,2014-08,0,0,,,,,,
412450427,111203412,2014-09,0,0,,,,,,
412450427,111203412,2014-10,0,0,,,,,,
412450427,111203412,2014-11,0,0,,,,,,
412450427,111203412,2014-12,0,0,,,,,,
412450427,111203412,2015-01,0,0,,,,,,
412450427,111203412,2015-02,0,0,,,,,,
412450427,111203412,2015-03,0,0,,,,,,
412450427,111203412,2015-04,1,1,28.05,121.8,28.133333333333336,121.63333333333333,28.09166666666667,121.71666666666667
412450427,111203412,2015-05,0,0,,,,,,
412450427,111203412,2015-06,0,0,,,,,,
412450427,111203412,2015-07,0,0,,,,,,
412450427,111203412,2015-08,1,2,28.25,121.8,28.3,121.7,28.275,121.75
412450427,111203412,2015-09,0,0,,,,,,
412450427,111203412,2015-10,0,0,,,,,,
412450427,111203412,2015-11,0,0,,,,,,
412450427,111203412,2015-12,0,0,,,,,,
412450427,111203412,2016-01,0,0,,,,,,
412450427,111203412,2016-02,0,0,,,,,,
412450427,111203412,2016-03,0,0,,,,,,
412450427,111203412,2016-04,0,0,,,,,,
412450427,111203412,2016-05,0,0,,,,,,
412450427,111203412,2016-06,0,0,,,,,,
412450427,111203412,2016-07,0,0,,,,,,
412450427,111203412,2016-08,1,1,29.1,122.0,28.9,121.9,29.0,121.95
412450427,111203412,2016-09,0,0,,,,,,
412450427,111203412,2016-10,0,0,,,,,,
412450427,111203412,2016-11,0,0,,,,,,
412450427,111203412,2016-12,0,0,,,,,,
412450427,111203412,2017-01,0,0,,,,,,
412450427,111203412,2017-02,0,0,,,,,,
412450427,111203412,2017-03,0,0,,,,,,
412450427,111203412,2017-04,0,0,,,,,,
412450427,111203412,2017-05,0,0,,,,,,
412450427,111203412,2017-07,0,0,,,,,,
412450427,111203412,2017-08,0,0,,,,,,
412450427,111203412,2017-09,0,0,,,,,,
412450427,111203412,2017-10,0,0,,,,,,
412450427,111203412,2017-11,0,0,,,,,,
412450427,111203412,2017-12,0,0,,,,,,
412450427,111203412,2018-01,0,0,,,,,,
412450427,111203412,2018-02,0,0,,,,,,
412450427,111203412,2018-03,0,0,,,,,,
412450427,111203412,2018-04,0,0,,,,,,
412450427,111203412,2018-05,0,0,,,,,,
412450427,111203412,2018-06,0,0,,,,,,
412450427,111203412,2018-07,0,0,,,,,,
412450427,111203412,2018-08,0,0,,,,,,
412450427,111203412,2018-09,0,0,,,,,,
412450427,111203412,2018-10,0,0,,,,,,
412450427,111203412,2018-11,0,0,,,,,,
412450427,111203412,2018-12,0,0,,,,,,
412450427,111203412,2019-01,0,0,,,,,,
412450427,111203412,2019-02,0,0,,,,,,
412450427,111203412,2019-03,0,0,,,,,,
412450427,111203412,2019-04,0,0,,,,,,
412450427,111203412,2019-05,0,0,,,,,,
412450427,111203412,2019-07,0,0,,,,,,
412450427,111203412,2019-08,0,0,,,,,,
412450427,111203412,2019-09,0,0,,,,,,
412450427,111203412,2019-10,0,0,,,,,,
412450427,111203412,2019-11,0,0,,,,,,
412450427,111203412,2019-12,0,0,,,,,,
412461376,412415321,2013-01,0,0,,,,,,
412461376,412415321,2013-02,0,0,,,,,,
412461376,412415321,2013-03,0,0,,,,,,
412461376,412415321,2013-04,0,0,,,,,,
412461376,412415321,2013-05,0,0,,,,,,
412461376,412415321,2013-06,0,0,,,,,,
412461376,412415321,2013-07,0,0,,,,,,
412461376,412415321,2013-08,0,0,,,,,,
412461376,412415321,2013-09,0,0,,,,,,
412461376,412415321,2013-10,0,0,,,,,,
412461376,412415321,2013-11,0,0,,,,,,
412461376,412415321,2013-12,0,0,,,,,,
412461376,412415321,2014-01,0,0,,,,,,
412461376,412415321,2014-02,0,0,,,,,,
412461376,412415321,2014-03,0,0,,,,,,
412461376,412415321,2014-04,0,0,,,,,,
412461376,412415321,2014-05,0,0,,,,,,
412461376,412415321,2014-06,0,0,,,,,,
412461376,412415321,2014-07,0,0,,,,,,
412461376,412415321,2014-08,0,0,,,,,,
412461376,412415321,2014-09,0,0,,,,,,
412461376,412415321,2014-10,0,0,,,,,,
412461376,412415321,2014-11,0,0,,,,,,
412461376,412415321,2014-12,4,4,27.695302795031058,121.28326863354037,27.685,121.25444444444445,27.69015139751553,121.26885653899241
412461376,412415321,2015-01,0,0,,,,,,
412461376,412415321,2015-02,0,0,,,,,,
412461376,412415321,2015-03,0,0,,,,,,
412461376,412415321,2015-04,0,0,,,,,,
412461376,412415321,2015-05,0,0,,,,,,
412461376,412415321,2015-06,0,0,,,,,,
412461376,412415321,2015-07,0,0,,,,,,
412461376,412415321,2015-08,0,0,,,,,,
412461376,412415321,2015-09,0,0,,,,,,
412461376,412415321,2015-10,0,0,,,,,,
412461376,412415321,2015-11,0,0,,,,,,
412461376,412415321,2015-12,0,0,,,,,,
412461376,412415321,2016-01,0,0,,,,,,
412461376,412415321,2016-02,0,0,,,,,,
412461376,412415321,2016-03,0,0,,,,,,
412461376,412415321,2016-04,0,0,,,,,,
412461376,412415321,2016-05,0,0,,,,,,
412461376,412415321,2016-06,0,0,,,,,,
412461376,412415321,2016-07,0,0,,,,,,
412461376,412415321,2016-08,0,0,,,,,,
412461376,412415321,2016-09,0,0,,,,,,
412461376,412415321,2016-10,0,0,,,,,,
412461376,412415321,2016-11,0,0,,,,,,
412461376,412415321,2016-12,0,0,,,,,,
412461376,412415321,2017-01,0,0,,,,,,
412461376,412415321,2017-02,0,0,,,,,,
412461376,412415321,2017-03,0,0,,,,,,
412461376,412415321,2017-04,0,0,,,,,,
412461376,412415321,2017-05,0,0,,,,,,
412461376,412415321,2017-07,0,0,,,,,,
412461376,412415321,2017-08,0,0,,,,,,
412461376,412415321,2017-09,0,0,,,,,,
412461376,412415321,2017-10,0,0,,,,,,
412461376,412415321,2017-11,0,0,,,,,,
412461376,412415321,2017-12,0,0,,,,,,
412461376,412415321,2018-01,0,0,,,,,,
412461376,412415321,2018-02,0,0,,,,,,
412461376,412415321,2018-03,0,0,,,,,,
412461376,412415321,2018-04,0,0,,,,,,
412461376,412415321,2018-05,0,0,,,,,,
412461376,412415321,2018-06,0,0,,,,,,
412461376,412415321,2018-07,0,0,,,,,,
412461376,412415321,2018-08,0,0,,,,,,
412461376,412415321,2018-09,0,0,,,,,,
412461376,412415321,2018-10,0,0,,,,,,
412461376,412415321,2018-11,0,0,,,,,,
412461376,412415321,2018-12,0,0,,,,,,
412461376,412415321,2019-01,0,0,,,,,,
412461376,412415321,2019-02,0,0,,,,,,
412461376,412415321,2019-03,0,0,,,,,,
412461376,412415321,2019-04,0,0,,,,,,
412461376,412415321,2019-05,0,0,,,,,,
412461376,412415321,2019-07,0,0,,,,,,
412461376,412415321,2019-08,0,0,,,,,,
412461376,412415321,2019-09,0,0,,,,,,
412461376,412415321,2019-10,0,0,,,,,,
412461376,412415321,2019-11,0,0,,,,,,
412461376,412415321,2019-12,0,0,,,,,,
412461376,412427825,2013-01,0,0,,,,,,
412461376,412427825,2013-02,0,0,,,,,,
412461376,412427825,2013-03,0,0,,,,,,
412461376,412427825,2013-04,0,0,,,,,,
412461376,412427825,2013-05,0,0,,,,,,
412461376,412427825,2013-06,0,0,,,,,,
412461376,412427825,2013-07,0,0,,,,,,
412461376,412427825,2013-08,0,0,,,,,,
412461376,412427825,2013-09,0,0,,,,,,
412461376,412427825,2013-10,0,0,,,,,,
412461376,412427825,2013-11,0,0,,,,,,
412461376,412427825,2013-12,0,0,,,,,,
412461376,412427825,2014-01,0,0,,,,,,
412461376,412427825,2014-02,0,0,,,,,,
412461376,412427825,2014-03,0,0,,,,,,
412461376,412427825,2014-04,0,0,,,,,,
412461376,412427825,2014-05,0,0,,,,,,
412461376,412427825,2014-06,0,0,,,,,,
412461376,412427825,2014-07,0,0,,,,,,
412461376,412427825,2014-08,0,0,,,,,,
412461376,412427825,2014-09,8,13,30.6386567278875,122.74039370885524,30.612450980392154,122.83966063348416,30.625553854139827,122.7900271711697
412461376,412427825,2014-10,4,6,30.682222222222222,122.72611111111111,30.7,122.78333333333335,30.691111111111113,122.75472222222223
412461376,412427825,2014-11,4,12,30.729075091575094,122.87001678876679,30.7,122.8,30.714537545787547,122.8350083943834
412461376,412427825,2014-12,0,0,,,,,,
412461376,412427825,2015-01,0,0,,,,,,
412461376,412427825,2015-02,0,0,,,,,,
412461376,412427825,2015-03,0,0,,,,,,
412461376,412427825,2015-04,0,0,,,,,,
412461376,412427825,2015-05,0,0,,,,,,
412461376,412427825,2015-06,0,0,,,,,,
412461376,412427825,2015-07,0,0,,,,,,
412461376,412427825,2015-08,0,0,,,,,,
412461376,412427825,2015-09,2,3,30.423333333333332,122.79333333333334,30.469089390142017,122.75229741019216,30.446211361737674,122.77281537176275
412461376,412427825,2015-10,0,0,,,,,,
412461376,412427825,2015-11,2,2,30.05681818181818,122.74727272727273,29.99125,122.63875,30.02403409090909,122.69301136363637
412461376,412427825,2015-12,0,0,,,,,,
412461376,412427825,2016-01,0,0,,,,,,
412461376,412427825,2016-02,0,0,,,,,,
412461376,412427825,2016-03,0,0,,,,,,
412461376,412427825,2016-04,0,0,,,,,,
412461376,412427825,2016-05,0,0,,,,,,
412461376,412427825,2016-06,0,0,,,,,,
412461376,412427825,2016-07,0,0,,,,,,
412461376,412427825,2016-08,0,0,,,,,,
412461376,412427825,2016-09,0,0,,,,,,
412461376,412427825,2016-10,0,0,,,,,,
412461376,412427825,2016-11,0,0,,,,,,
412461376,412427825,2016-12,0,0,,,,,,
412461376,412427825,2017-01,0,0,,,,,,
412461376,412427825,2017-02,0,0,,,,,,
412461376,412427825,2017-03,0,0,,,,,,
412461376,412427825,2017-04,0,0,,,,,,
412461376,412427825,2017-05,0,0,,,,,,
412461376,412427825,2017-07,0,0,,,,,,
412461376,412427825,2017-08,0,0,,,,,,
412461376,412427825,2017-09,0,0,,,,,,
412461376,412427825,2017-10,0,0,,,,,,
412461376,412427825,2017-11,0,0,,,,,,
412461376,412427825,2017-12,0,0,,,,,,
412461376,412427825,2018-01,0,0,,,,,,
412461376,412427825,2018-02,0,0,,,,,,
412461376,412427825,2018-03,0,0,,,,,,
412461376,412427825,2018-04,0,0,,,,,,
412461376,412427825,2018-05,0,0,,,,,,
412461376,412427825,2018-06,0,0,,,,,,
412461376,412427825,2018-07,0,0,,,,,,
412461376,412427825,2018-08,0,0,,,,,,
412461376,412427825,2018-09,0,0,,,,,,
412461376,412427825,2018-10,0,0,,,,,,
412461376,412427825,2018-11,0,0,,,,,,
412461376,412427825,2018-12,0,0,,,,,,
412461376,412427825,2019-01,0,0,,,,,,
412461376,412427825,2019-02,0,0,,,,,,
412461376,412427825,2019-03,0,0,,,,,,
412461376,412427825,2019-04,0,0,,,,,,
412461376,412427825,2019-05,0,0,,,,,,
412461376,412427825,2019-07,0,0,,,,,,
412461376,412427825,2019-08,0,0,,,,,,
412461376,412427825,2019-09,0,0,,,,,,
412461376,412427825,2019-10,0,0,,,,,,
412461376,412427825,2019-11,0,0,,,,,,
412461376,412427825,2019-12,0,0,,,,,,
412985698,412443375,2013-01,0,0,,,,,,
412985698,412443375,2013-02,0,0,,,,,,
412985698,412443375,2013-03,0,0,,,,,,
412985698,412443375,2013-04,0,0,,,,,,
412985698,412443375,2013-05,0,0,,,,,,
412985698,412443375,2013-06,0,0,,,,,,
412985698,412443375,2013-07,0,0,,,,,,
412985698,412443375,2013-08,0,0,,,,,,
412985698,412443375,2013-09,0,0,,,,,,
412985698,412443375,2013-10,0,0,,,,,,
412985698,412443375,2013-11,0,0,,,,,,
412985698,412443375,2013-12,0,0,,,,,,
412985698,412443375,2014-01,0,0,,,,,,
412985698,412443375,2014-02,0,0,,,,,,
412985698,412443375,2014-03,0,0,,,,,,
412985698,412443375,2014-04,0,0,,,,,,
412985698,412443375,2014-05,0,0,,,,,,
412985698,412443375,2014-06,0,0,,,,,,
412985698,412443375,2014-07,0,0,,,,,,
412985698,412443375,2014-08,0,0,,,,,,
412985698,412443375,2014-09,0,0,,,,,,
412985698,412443375,2014-10,4,7,28.18,121.5657142857143,28.21607142857143,121.62142857142858,28.198035714285716,121.59357142857144
412985698,412443375,2014-11,2,2,27.924999999999997,121.6625,27.815714285714286,121.64857142857144,27.87035714285714,121.65553571428572
412985698,412443375,2014-12,5,6,27.216296296296296,120.95166666666667,27.157354497354493,120.95452380952382,27.186825396825395,120.95309523809524
412985698,412443375,2015-01,1,1,28.587500000000002,121.65,28.433333333333334,121.53333333333335,28.510416666666668,121.59166666666667
412985698,412443375,2015-02,0,0,,,,,,
412985698,412443375,2015-03,0,0,,,,,,
412985698,412443375,2015-04,0,0,,,,,,
412985698,412443375,2015-05,1,1,28.133333333333333,121.74444444444445,28.092307692307692,121.5,28.112820512820512,121.62222222222223
412985698,412443375,2015-06,0,0,,,,,,
412985698,412443375,2015-07,0,0,,,,,,
412985698,412443375,2015-08,0,0,,,,,,
412985698,412443375,2015-09,0,0,,,,,,
412985698,412443375,2015-10,3,5,28.252000000000002,121.91600000000001,28.299333333333333,121.86533333333334,28.275666666666666,121.89066666666668
412985698,412443375,2015-11,1,2,28.160000000000004,122.12,28.203125,122.05625,28.181562500000002,122.088125
412985698,412443375,2015-12,0,0,,,,,,
412985698,412443375,2016-01,0,0,,,,,,
412985698,412443375,2016-02,0,0,,,,,,
412985698,412443375,2016-03,0,0,,,,,,
412985698,412443375,2016-04,0,0,,,,,,
412985698,412443375,2016-05,2,3,27.655555555555555,121.4888888888889,27.641666666666666,121.41904761904762,27.64861111111111,121.45396825396826
412985698,412443375,2016-06,0,0,,,,,,
412985698,412443375,2016-07,0,0,,,,,,
412985698,412443375,2016-08,0,0,,,,,,
412985698,412443375,2016-09,1,2,28.011764705882353,121.66470588235295,28.008333333333333,121.64444444444445,28.01004901960784,121.6545751633987
412985698,412443375,2016-10,11,15,28.040235215401882,121.7627484675818,28.060518518518517,121.75649470899471,28.0503768669602,121.75962158828825
412985698,412443375,2016-11,2,3,27.604040404040404,121.5040404040404,27.618333333333336,121.44388888888888,27.61118686868687,121.47396464646464
412985698,412443375,2016-12,0,0,,,,,,
412985698,412443375,2017-01,0,0,,,,,,
412985698,412443375,2017-02,0,0,,,,,,
412985698,412443375,2017-03,0,0,,,,,,
412985698,412443375,2017-04,0,0,,,,,,
412985698,412443375,2017-05,0,0,,,,,,
412985698,412443375,2017-07,0,0,,,,,,
412985698,412443375,2017-08,0,0,,,,,,
412985698,412443375,2017-09,0,0,,,,,,
412985698,412443375,2017-10,0,0,,,,,,
412985698,412443375,2017-11,0,0,,,,,,
412985698,412443375,2017-12,0,0,,,,,,
412985698,412443375,2018-01,0,0,,,,,,
412985698,412443375,2018-02,0,0,,,,,,
412985698,412443375,2018-03,0,0,,,,,,
412985698,412443375,2018-04,0,0,,,,,,
412985698,412443375,2018-05,0,0,,,,,,
412985698,412443375,2018-06,0,0,,,,,,
412985698,412443375,2018-07,0,0,,,,,,
412985698,412443375,2018-08,0,0,,,,,,
412985698,412443375,2018-09,0,0,,,,,,
412985698,412443375,2018-10,0,0,,,,,,
412985698,412443375,2018-11,0,0,,,,,,
412985698,412443375,2018-12,0,0,,,,,,
412985698,412443375,2019-01,0,0,,,,,,
412985698,412443375,2019-02,0,0,,,,,,
412985698,412443375,2019-03,0,0,,,,,,
412985698,412443375,2019-04,0,0,,,,,,
412985698,412443375,2019-05,0,0,,,,,,
412985698,412443375,2019-07,0,0,,,,,,
412985698,412443375,2019-08,0,0,,,,,,
412985698,412443375,2019-09,0,0,,,,,,
412985698,412443375,2019-10,0,0,,,,,,
412985698,412443375,2019-11,0,0,,,,,,
412985698,412443375,2019-12,0,0,,,,,,
