src,dst,pair_count,max_score,mean_score
441864000,740372000,2,24.896560668945312,24.896560668945312
740358000,441864000,2,24.493608474731445,24.493608474731445
701000627,224491000,2,22.921092987060547,22.921092987060547
665111129,440282000,2,15.716601371765137,15.716601371765137
740344000,440899000,2,15.326804161071776,15.326804161071776
440863000,725000261,2,15.118974685668944,15.118974685668944
440683000,760000370,2,14.747980117797852,14.747980117797852
224559000,440863000,2,13.266018867492676,13.266018867492676
725001900,412439757,2,12.695293426513672,12.695293426513672
512000122,412439757,2,12.622681617736816,12.622681617736816
441864000,740338000,1,25.11999130249023,25.11999130249023
441864000,740354000,1,24.988746643066406,24.988746643066406
441864000,740356000,1,24.91278839111328,24.91278839111328
258261000,740335000,1,24.56814193725586,24.56814193725586
441868000,740338000,1,24.34994888305664,24.34994888305664
258261000,233659000,1,24.260753631591797,24.260753631591797
258261000,740359000,1,24.22610855102539,24.22610855102539
441868000,233659000,1,24.21691131591797,24.21691131591797
740356000,441868000,1,24.188262939453125,24.188262939453125
725000591,740337000,1,24.17363166809082,24.17363166809082
740368000,441868000,1,23.760751724243164,23.760751724243164
258261000,441864000,1,23.386159896850582,23.386159896850582
740337000,440863000,1,23.309852600097656,23.309852600097656
440863000,740354000,1,23.301803588867188,23.301803588867188
740366000,272178000,1,23.297456741333008,23.297456741333008
740353000,272178000,1,23.272083282470703,23.272083282470703
740337000,272178000,1,23.19317626953125,23.19317626953125
272178000,740336000,1,23.117969512939453,23.117969512939453
740356000,701000627,1,22.750959396362305,22.750959396362305
441868000,440863000,1,22.56271743774414,22.56271743774414
233659000,701068000,1,22.166276931762695,22.166276931762695
701068000,233659000,1,22.166276931762695,22.166276931762695
740368000,725002360,1,22.0129451751709,22.0129451751709
224491000,272204000,1,21.77266311645508,21.77266311645508
272204000,740366000,1,21.750205993652344,21.750205993652344
725002360,740353000,1,21.694740295410156,21.694740295410156
740336000,273341320,1,21.62384033203125,21.62384033203125
273341320,740353000,1,21.46596908569336,21.46596908569336
725000896,740359000,1,21.36661148071289,21.36661148071289
740358000,725000896,1,21.258764266967773,21.258764266967773
272204000,740358000,1,21.22948455810547,21.22948455810547
273341320,740333000,1,21.210514068603516,21.210514068603516
273341320,740356000,1,20.954593658447266,20.954593658447266
441868000,701068000,1,20.93560791015625,20.93560791015625
273341320,233659000,1,20.929302215576172,20.929302215576172
440863000,725000896,1,19.533430099487305,19.533430099487305
725002360,273341320,1,18.451915740966797,18.451915740966797
273341320,272208000,1,18.38849449157715,18.38849449157715
272204000,273341320,1,18.110755920410156,18.110755920410156
273345230,512003817,1,17.94249725341797,17.94249725341797
412331051,740335000,1,17.778396606445312,17.778396606445312
441699000,224559000,1,17.7161865234375,17.7161865234375
224004000,740372000,1,17.68707275390625,17.68707275390625
224004000,740336000,1,17.504146575927734,17.504146575927734
224491000,412331051,1,17.355186462402344,17.355186462402344
412331051,224491000,1,17.355186462402344,17.355186462402344
740366000,412331051,1,17.34811782836914,17.34811782836914
259539000,740336000,1,17.07579803466797,17.07579803466797
273341320,273431690,1,17.035430908203125,17.035430908203125
441699000,740359000,1,16.856426239013672,16.856426239013672
440899000,740336000,1,16.791048049926758,16.791048049926758
412270002,412420458,1,16.790477752685547,16.790477752685547
412331051,441868000,1,16.78557014465332,16.78557014465332
441699000,740336000,1,16.668272018432617,16.668272018432617
272221000,233659000,1,16.615690231323242,16.615690231323242
725002300,740344000,1,16.540416717529297,16.540416717529297
740344000,725000261,1,16.499757766723633,16.499757766723633
740368000,440899000,1,16.390029907226562,16.390029907226562
272221000,740372000,1,16.33246421813965,16.33246421813965
272221000,740335000,1,16.3131103515625,16.3131103515625
740335000,272221000,1,16.3131103515625,16.3131103515625
412331051,701000627,1,15.951906204223633,15.951906204223633
412280982,740368000,1,15.94892692565918,15.94892692565918
412420458,224623000,1,15.885913848876951,15.885913848876951
257400000,440816000,1,15.716601371765137,15.716601371765137
272770000,257400000,1,15.716601371765137,15.716601371765137
272770000,740399000,1,15.716601371765137,15.716601371765137
273539310,440282000,1,15.716601371765137,15.716601371765137
440282000,665111129,1,15.716601371765137,15.716601371765137
440816000,740399000,1,15.716601371765137,15.716601371765137
512006000,440755,1,15.716601371765137,15.716601371765137
512006000,440282000,1,15.716601371765137,15.716601371765137
512006000,740399000,1,15.716601371765137,15.716601371765137
701112000,257400000,1,15.716601371765137,15.716601371765137
701112000,665111129,1,15.716601371765137,15.716601371765137
740399000,440755,1,15.716601371765137,15.716601371765137
770565353,770576305,1,15.716601371765137,15.716601371765137
770576305,701112000,1,15.716601371765137,15.716601371765137
770576439,740402000,1,15.716601371765137,15.716601371765137
441868000,272221000,1,15.698942184448242,15.698942184448242
440683000,440684000,1,15.69782543182373,15.69782543182373
740356000,725015600,1,15.617791175842283,15.617791175842283
259539000,740344000,1,15.57419490814209,15.57419490814209
740337000,725015600,1,15.556848526000977,15.556848526000977
740336000,412280982,1,15.382793426513672,15.382793426513672
412280982,441868000,1,15.260246276855469,15.260246276855469
412217999,740335000,1,15.254193305969238,15.254193305969238
740337000,412270002,1,15.046429634094238,15.046429634094238
272208000,725000591,1,14.980979919433594,14.980979919433594
740338000,272323000,1,14.862699508666992,14.862699508666992
740337000,273431690,1,14.824195861816406,14.824195861816406
272208000,740358000,1,14.811944961547852,14.811944961547852
272178000,272208000,1,14.769638061523438,14.769638061523438
740368000,273431690,1,14.752564430236816,14.752564430236816
440899000,701006182,1,14.73554229736328,14.73554229736328
412280982,725000591,1,14.563295364379885,14.563295364379885
740356000,412270002,1,14.551502227783203,14.551502227783203
440683000,412690730,1,14.510311126708984,14.510311126708984
740377000,470100540,1,14.496191024780272,14.496191024780272
412280982,725002360,1,14.491344451904297,14.491344451904297
740338000,512236000,1,14.486841201782228,14.486841201782228
412270002,512003817,1,14.46156883239746,14.46156883239746
740372000,273431690,1,14.425603866577148,14.425603866577148
412270002,740338000,1,14.391571044921877,14.391571044921877
701000627,272323000,1,14.379627227783203,14.379627227783203
412690730,470100540,1,14.309173583984377,14.309173583984377
412420458,224567000,1,14.299272537231444,14.299272537231444
272323000,725000591,1,14.226485252380373,14.226485252380373
412331036,440684000,1,14.197720527648926,14.197720527648926
412280982,272178000,1,14.185641288757324,14.185641288757324
740336000,512236000,1,14.18104362487793,14.18104362487793
412420457,440684000,1,14.178960800170898,14.178960800170898
512236000,740359000,1,14.167512893676758,14.167512893676758
273345230,740336000,1,14.115796089172363,14.115796089172363
740336000,273345230,1,14.115796089172363,14.115796089172363
725000896,440899000,1,14.095907211303713,14.095907211303713
440528000,412439757,1,14.016369819641112,14.016369819641112
512411000,412331051,1,13.998729705810549,13.998729705810549
701068000,412280982,1,13.872200012207031,13.872200012207031
224506000,740372000,1,13.86245059967041,13.86245059967041
441309000,440108000,1,13.857820510864258,13.857820510864258
272208000,272204000,1,13.857020378112791,13.857020378112791
441053000,701000512,1,13.846688270568848,13.846688270568848
272364000,725004140,1,13.84131145477295,13.84131145477295
440899000,725002360,1,13.83811092376709,13.83811092376709
725002360,440899000,1,13.83811092376709,13.83811092376709
224506000,233659000,1,13.776554107666016,13.776554107666016
224559000,740359000,1,13.751221656799316,13.751221656799316
740344000,273431690,1,13.714947700500488,13.714947700500488
224897000,740333000,1,13.64792251586914,13.64792251586914
740368000,224559000,1,13.63971996307373,13.63971996307373
412331034,412439757,1,13.588623046875,13.588623046875
412420384,412439757,1,13.575998306274414,13.575998306274414
441565000,470100540,1,13.53260612487793,13.53260612487793
760000370,412331036,1,13.430068969726562,13.430068969726562
701000713,412280982,1,13.424617767333984,13.424617767333984
412206008,224888000,1,13.376239776611328,13.376239776611328
224897000,740337000,1,13.35508155822754,13.35508155822754
701006182,224491000,1,13.320897102355955,13.320897102355955
224571000,412420459,1,13.318426132202148,13.318426132202148
740372000,701006182,1,13.294288635253906,13.294288635253906
470100540,412371196,1,13.277180671691896,13.277180671691896
441053000,701000945,1,13.26778507232666,13.26778507232666
441142000,760000370,1,13.25087070465088,13.25087070465088
740354000,273345230,1,13.224235534667969,13.224235534667969
440684000,412371196,1,13.176549911499023,13.176549911499023
273354130,440683000,1,13.15204906463623,13.15204906463623
701000948,440683000,1,13.149114608764648,13.149114608764648
441309000,412439756,1,13.14582061767578,13.14582061767578
412331037,440108000,1,13.12588119506836,13.12588119506836
273345230,441864000,1,13.12204360961914,13.12204360961914
258261000,224506000,1,13.10814094543457,13.10814094543457
224897000,740336000,1,13.105838775634766,13.105838775634766
441142000,412420384,1,13.093812942504885,13.093812942504885
701006182,740354000,1,13.05730438232422,13.05730438232422
273354130,470100540,1,13.027111053466797,13.027111053466797
412331034,701000929,1,12.89471435546875,12.89471435546875
740399000,272221000,1,12.864904403686523,12.864904403686523
412331036,441565000,1,12.860106468200684,12.860106468200684
760000370,224820000,1,12.847171783447266,12.847171783447266
725002360,272323000,1,12.821691513061523,12.821691513061523
273354130,440684000,1,12.810827255249023,12.810827255249023
725015600,224506000,1,12.799165725708008,12.799165725708008
725002350,233659000,1,12.78473663330078,12.78473663330078
740356000,725002350,1,12.775814056396484,12.775814056396484
224897000,272178000,1,12.771331787109377,12.771331787109377
273345230,740358000,1,12.770167350769045,12.770167350769045
441142000,412371195,1,12.73398208618164,12.73398208618164
412331051,224004000,1,12.733922958374023,12.733922958374023
272204000,273431690,1,12.731681823730469,12.731681823730469
273431690,272204000,1,12.731681823730469,12.731681823730469
412420314,224967000,1,12.719474792480469,12.719474792480469
725015600,224004000,1,12.677753448486328,12.677753448486328
701000948,440528000,1,12.667473793029783,12.667473793029783
440755000,233659000,1,12.65619945526123,12.65619945526123
440755000,740335000,1,12.648590087890623,12.648590087890623
412329696,441309000,1,12.613079071044922,12.613079071044922
701006182,740358000,1,12.61074924468994,12.61074924468994
440528000,412439587,1,12.606945991516112,12.606945991516112
725002350,740336000,1,12.529586791992188,12.529586791992188
