src,dst,overlap_days,days_within_km,mean_distance_km,src_days_active,dst_days_active,overlap_ratio_days,close_ratio_days,files_used
257317000,316003227,389,0,,2156,468,0.8311965811965812,0.0,2922
813021762,412413289,341,0,,1206,857,0.39789964994165694,0.0,2922
412000690,412325200,257,1,0.0,734,444,0.5788288288288288,0.0022522522522522522,2922
251146940,224072680,242,0,,395,1159,0.6126582278481013,0.0,2922
412061791,412508302,73,0,,182,342,0.4010989010989011,0.0,2922
224017870,412428302,177,0,,889,388,0.45618556701030927,0.0,2922
412150903,237554000,49,0,,244,418,0.20081967213114754,0.0,2922
271072219,412671880,153,0,,447,1153,0.3422818791946309,0.0,2922
273810110,800050093,89,0,,2517,105,0.8476190476190476,0.0,2922
271072320,251422540,429,0,,871,1378,0.4925373134328358,0.0,2922
412436875,412836422,22,0,,157,202,0.14012738853503184,0.0,2922
412327536,316003779,46,0,,168,1449,0.27380952380952384,0.0,2922
205243000,412470145,431,0,,1995,590,0.7305084745762712,0.0,2922
224060150,412333102,41,0,,1657,74,0.5540540540540541,0.0,2922
412322715,257391020,192,0,,233,2008,0.8240343347639485,0.0,2922
412334569,412457054,146,0,,514,784,0.2840466926070039,0.0,2922
431007759,440122430,454,0,,900,1418,0.5044444444444445,0.0,2922
250002378,412449921,214,0,,1112,321,0.6666666666666666,0.0,2922
922564322,412436139,59,0,,121,455,0.48760330578512395,0.0,2922
205106000,258262000,908,0,,1448,1896,0.6270718232044199,0.0,2922
413772167,200012142,4,0,,39,231,0.10256410256410256,0.0,2922
412328726,251581340,159,0,,1090,247,0.6437246963562753,0.0,2922
200034921,440120830,141,0,,283,564,0.49823321554770317,0.0,2922
235004768,900019302,22,0,,583,90,0.24444444444444444,0.0,2922
412287252,431700348,307,0,,425,1526,0.7223529411764706,0.0,2922
412420857,412898896,0,0,,52,100,0.0,0.0,2922
900000104,413013474,64,0,,473,141,0.45390070921985815,0.0,2922
998512016,257006500,91,0,,136,1176,0.6691176470588235,0.0,2922
543345420,412460258,19,0,,48,733,0.3958333333333333,0.0,2922
412427363,412432384,66,0,,431,355,0.18591549295774648,0.0,2922
224137980,412214311,170,0,,480,539,0.3541666666666667,0.0,2922
800050719,900200966,53,0,,635,103,0.5145631067961165,0.0,2922
440105310,238988810,391,0,,555,1424,0.7045045045045045,0.0,2922
800051209,412160104,84,0,,130,559,0.6461538461538462,0.0,2922
413670066,412329737,6,0,,48,310,0.125,0.0,2922
249000150,412322136,69,0,,415,222,0.3108108108108108,0.0,2922
228219900,926002068,112,0,,796,219,0.5114155251141552,0.0,2922
108301290,412438845,3,0,,259,66,0.045454545454545456,0.0,2922
900403696,800043359,7,0,,421,45,0.15555555555555556,0.0,2922
780678229,412322669,35,0,,256,130,0.2692307692307692,0.0,2922
412330962,247054080,225,0,,497,862,0.45271629778672035,0.0,2922
412477576,412366352,160,0,,548,326,0.49079754601226994,0.0,2922
412365879,258095070,12,0,,227,337,0.05286343612334802,0.0,2922
800021236,227320070,137,0,,819,535,0.2560747663551402,0.0,2922
245159000,224186490,284,0,,2038,389,0.7300771208226221,0.0,2922
412326152,412567230,17,0,,355,92,0.18478260869565216,0.0,2922
412436149,412201652,124,0,,322,629,0.38509316770186336,0.0,2922
412324269,213432082,17,0,,375,165,0.10303030303030303,0.0,2922
412436755,412427824,29,0,,208,199,0.1457286432160804,0.0,2922
412437805,412327483,59,0,,279,319,0.2114695340501792,0.0,2922
247071010,412331589,233,0,,1096,469,0.4968017057569296,0.0,2922
273896300,224177240,1357,0,,2408,1594,0.8513174404015057,0.0,2922
412480774,412214618,24,0,,200,270,0.12,0.0,2922
247071970,412441347,119,0,,1002,395,0.3012658227848101,0.0,2922
412322743,247143230,57,0,,205,966,0.2780487804878049,0.0,2922
900361019,412033504,28,0,,131,345,0.21374045801526717,0.0,2922
200005403,412341689,36,0,,194,173,0.20809248554913296,0.0,2922
978925333,905108098,103,0,,515,253,0.40711462450592883,0.0,2922
412364987,412472399,166,0,,282,956,0.5886524822695035,0.0,2922
238598010,412331602,138,0,,418,626,0.33014354066985646,0.0,2922
412451244,412436469,20,0,,546,122,0.16393442622950818,0.0,2922
412467837,412321053,36,0,,135,287,0.26666666666666666,0.0,2922
412331693,412436406,13,0,,42,131,0.30952380952380953,0.0,2922
227480000,247301090,1113,0,,2103,1346,0.8268945022288261,0.0,2922
440100368,412331807,2,0,,232,127,0.015748031496062992,0.0,2922
888810972,412444848,31,0,,165,204,0.18787878787878787,0.0,2922
200010801,412349355,33,0,,161,145,0.22758620689655173,0.0,2922
412322484,412422065,38,0,,144,301,0.2638888888888889,0.0,2922
15201,412322501,56,0,,126,372,0.4444444444444444,0.0,2922
440152550,800049974,400,0,,1086,498,0.8032128514056225,0.0,2922
271072091,369519000,271,0,,793,1042,0.3417402269861286,0.0,2922
412061037,412448746,12,0,,228,311,0.05263157894736842,0.0,2922
412428937,440027420,111,0,,255,691,0.43529411764705883,0.0,2922
800036171,224005830,318,0,,579,1306,0.5492227979274611,0.0,2922
271073074,367133080,127,0,,512,420,0.30238095238095236,0.0,2922
412410322,235103397,687,0,,775,2005,0.8864516129032258,0.0,2922
247301090,412432592,227,0,,1346,396,0.5732323232323232,0.0,2922
316003227,412000923,81,0,,468,278,0.29136690647482016,0.0,2922
413000179,235065442,237,0,,309,1905,0.7669902912621359,0.0,2922
412427396,412082569,30,0,,236,145,0.20689655172413793,0.0,2922
412283766,412327406,72,0,,501,347,0.207492795389049,0.0,2922
227301390,412213972,367,0,,1475,614,0.5977198697068404,0.0,2922
412450027,200007910,7,0,,146,328,0.04794520547945205,0.0,2922
211315220,412431564,98,0,,716,300,0.32666666666666666,0.0,2922
412425192,998508450,44,0,,328,220,0.2,0.0,2922
412482661,988005881,39,0,,528,39,1.0,0.0,2922
412431182,412444756,102,0,,365,590,0.27945205479452057,0.0,2922
259127000,263401250,477,0,,966,1812,0.4937888198757764,0.0,2922
412320152,224063280,168,0,,317,1469,0.5299684542586751,0.0,2922
100059863,912022008,14,0,,75,68,0.20588235294117646,0.0,2922
247252280,859000000,245,0,,1545,433,0.5658198614318707,0.0,2922
227657280,412006566,80,0,,643,228,0.3508771929824561,0.0,2922
413002668,431008269,113,0,,289,526,0.39100346020761245,0.0,2922
238622210,413001153,200,0,,1002,497,0.4024144869215292,0.0,2922
710903610,412322468,127,0,,726,198,0.6414141414141414,0.0,2922
412348429,250003659,92,0,,208,1170,0.4423076923076923,0.0,2922
412435602,271062053,21,0,,203,252,0.10344827586206896,0.0,2922
412469099,412324368,37,0,,134,542,0.27611940298507465,0.0,2922
978925333,415131223,187,0,,515,486,0.38477366255144035,0.0,2922
412015016,227657280,200,0,,517,643,0.38684719535783363,0.0,2922
